name,date,location
A/HaNoi/Q545/2007|CY105720|07/27/2007|Viet_Nam||H3N2/4-1412,2007.569473,VietNam
A/Texas/UR06_0358/2007|CY027565|02/20/2007|USA|06_07|H3N2/5-1413,2007.13963,USA
A/Hong_Kong/CUHK52863/2004|EU857324|08/17/2004|Hong_Kong||H3N2/1-1409,2004.629706,HongKong
A/Peru/PER004/2010|CY160314|11/20/2010|Peru||H3N2/8-1416,2010.887064,Peru
A/Waikato/1/2000|CY011594|08/09/2000|New_Zealand||H3N2/8-1416,2000.607803,NewZealand
A/Hong_Kong/1179/99|AF386762|1999|Hong_Kong||H3N2/20-1428,1999.002738,HongKong
A/West_Virginia/17/2012|KC892590|08/05/2012|USA||H3N2/1-1409,2012.596851,USA
A/New_York/913/2005|CY020535|01/10/2005|USA|04_05|H3N2/5-1413,2005.027379,USA
A/Novosibirsk/59d/2012|KC135499|03/14/2012|Russia|11_12|H3N2/1-1409,2012.202601,Russia
A/Hong_Kong/CUHK42644/2005|EU857290|07/09/2005|Hong_Kong||H3N2/1-1409,2005.520192,HongKong
A/Texas/83/2012|KF790498|11/02/2012|USA|12_13|H3N2/1-1409,2012.84052,USA
A/Peru/PER279/2010|CY162474|09/20/2010|Peru||H3N2/8-1416,2010.720055,Peru
A/New_York/500/2004|CY009270|12/10/2004|USA|04_05|H3N2/8-1416,2004.944559,USA
A/Christchurch/89/2004|CY002932|09/03/2004|New_Zealand||H3N2/19-1427,2004.676249,NewZealand
A/New_York/573/1996|CY009502|12/23/1996|USA|96_97|H3N2/8-1416,1996.980151,USA
A/Alabama/07/2010|KC882677|10/28/2010|USA|10_11|H3N2/1-1409,2010.824093,USA
A/Ohio/UR06_0410/2007|CY027501|02/23/2007|USA|06_07|H3N2/1-1409,2007.147844,USA
A/Singapore/C2010.471aV/2010|JX437745|06/21/2010|Singapore||H3N2/20-1428,2010.47091,Singapore
A/Massachusetts/13/2013|KF790299|08/22/2013|USA||H3N2/1-1409,2013.640657,USA
A/Wyoming/02/2009|GQ385905|02/02/2009|USA|08_09|H3N2/1-1409,2009.090349,USA
A/California/NHRC0001/2003|CY090943|11/13/2003|USA||H3N2/4-1412,2003.867899,USA
A/Hong_Kong/H090_714_V10/2009|CY106698|07/15/2009|Hong_Kong||H3N2/8-1416,2009.536619,HongKong
A/Kentucky/UR07_0085/2008|CY037825|02/25/2008|USA|07_08|H3N2/1-1409,2008.15332,USA
A/Netherlands/241/1982|CY113295|12/01/1982|Netherlands|82_83|H3N2/4-1412,1982.91718,Netherlands
A/Alaska/04/2013|KF790192|04/24/2013|USA|12_13|H3N2/1-1409,2013.312115,USA
A/Bilthoven/628/1976|CY113191|1976|Netherlands||H3N2/4-1412,1976.002738,Netherlands
A/Hong_Kong/CUHK22185/1997|EU857208|08/23/1997|Hong_Kong||H3N2/1-1409,1997.643395,HongKong
A/Wellington/18/2004|CY013471|09/06/2004|New_Zealand||H3N2/5-1413,2004.684463,NewZealand
A/Canterbury/207/2004|CY007517|09/21/2004|New_Zealand||H3N2/8-1416,2004.72553,NewZealand
A/Malaysia/10717/1996|CY118476|09/02/1996|Malaysia||H3N2/4-1412,1996.673511,Malaysia
A/New_York/332/1999|CY001994|02/17/1999|USA|98_99|H3N2/17-1425,1999.131417,USA
A/New_Mexico/09/2013|KF790016|03/22/2013|USA|12_13|H3N2/1-1409,2013.221766,USA
A/California/VRDL354/2009|CY068043|05/26/2009|USA||H3N2/4-1412,2009.399726,USA
A/Pennsylvania/PIT22/2008|CY035064|01/23/2008|USA|07_08|H3N2/1-1409,2008.062971,USA
A/New_York/01/2010|KC535392|2010|USA||H3N2/1-1409,2010.002738,USA
A/Wellington/5/2005|CY015614|07/26/2005|New_Zealand||H3N2/5-1413,2005.566735,NewZealand
A/Canterbury/60/2002|CY008294|06/30/2002|New_Zealand||H3N2/2-1410,2002.495551,NewZealand
A/New_York/612/1995|CY010662|12/19/1995|USA|95_96|H3N2/8-1416,1995.966461,USA
A/Memphis/137/76|CY006725|1976|USA||H3N2/8-1416,1976.002738,USA
A/Nebraska/11/2012|KF789669|11/26/2012|USA|12_13|H3N2/1-1409,2012.906229,USA
A/North_Carolina/14/2012|KC892178|04/09/2012|USA|11_12|H3N2/1-1409,2012.273785,USA
A/Massachusetts/15/2012|KF789897|12/18/2012|USA|12_13|H3N2/1-1409,2012.966461,USA
A/HaNoi/Q638/2007|CY105736|08/29/2007|Viet_Nam||H3N2/4-1412,2007.659822,VietNam
A/Hong_Kong/1/68|AF348187|1968|Hong_Kong||H3N2/19-1427,1968.002738,HongKong
A/New_York/268/2003|CY001634|11/27/2003|USA|03_04|H3N2/18-1426,2003.906229,USA
A/Peru/PER187/2011|CY161762|11/07/2011|Peru||H3N2/8-1416,2011.851472,Peru
A/Peru/PER212/2010|CY161962|11/02/2010|Peru||H3N2/8-1416,2010.837782,Peru
A/HoaBinh/HB409/2007|CY104366|10/25/2007|Viet_Nam||H3N2/4-1412,2007.81588,VietNam
A/Colorado/09/2012|KC892466|02/05/2012|USA|11_12|H3N2/1-1409,2012.098563,USA
A/Singapore/GP4278/2010|CY100110|10/12/2010|Singapore||H3N2/20-1428,2010.780287,Singapore
A/Texas/67/2007|EU516179|11/05/2007|USA|07_08|H3N2/1-1409,2007.845996,USA
A/Canterbury/405/2003|CY007053|07/05/2003|New_Zealand||H3N2/8-1416,2003.50924,NewZealand
A/New_York/UR06_0510/2007|CY025845|03/05/2007|USA|06_07|H3N2/5-1413,2007.175222,USA
A/Hong_Kong/CUHK51424/2001|EU857312|12/26/2001|Hong_Kong||H3N2/1-1409,2001.985626,HongKong
A/Illinois/UR06_0036/2007|CY026021|01/15/2007|USA|06_07|H3N2/5-1413,2007.041068,USA
A/Queensland/28/2002|CY017919|08/12/2002|Australia||H3N2/5-1413,2002.613279,Australia
A/Singapore/TT869/2011|CY124500|12/28/2011|Singapore||H3N2/20-1428,2011.991102,Singapore
A/Singapore/H2010.797/2010|KF014505|10/18/2010|Singapore||H3N2/20-1428,2010.796715,Singapore
A/Guangdong/09/2005|EU620772|2005|China||H3N2/1-1409,2005.002738,China
A/Colorado/06/2009|GQ385813|01/21/2009|USA|08_09|H3N2/1-1409,2009.057495,USA
A/Texas/UR06_0356/2007|CY026557|02/20/2007|USA|06_07|H3N2/1-1409,2007.13963,USA
A/Auckland/615/2002|CY023076|03/04/2002|New_Zealand||H3N2/5-1413,2002.172485,NewZealand
A/Ontario/C582096/2010|JQ658940|10/02/2010|Canada|10_11|H3N2/1-1409,2010.752909,Canada
A/Wisconsin/27/2007|EU199434|03/26/2007|USA|06_07|H3N2/1-1409,2007.232717,USA
A/New_York/50/2003|CY000091|12/08/2003|USA|03_04|H3N2/18-1426,2003.936345,USA
A/Madrid/G130/1993|CY112575|1993|Spain||H3N2/4-1412,1993.002738,Spain
A/Peru/PER195/2010|CY161826|09/10/2010|Peru||H3N2/8-1416,2010.692676,Peru
A/Managua/5898.02/2010|CY088965|06/06/2010|Nicaragua||H3N2/4-1412,2010.429843,Nicaragua
A/Hawaii/15/2011|KC892765|11/05/2011|USA|11_12|H3N2/1-1409,2011.845996,USA
A/Colorado/05/2008|FJ686920|2008|USA||H3N2/1-1409,2008.002738,USA
A/New_York/46/2003|CY000787|12/09/2003|USA|03_04|H3N2/18-1426,2003.939083,USA
A/Thailand/CU_B4/2009|GQ902795|06/13/2009|Thailand||H3N2/1-1409,2009.449008,Thailand
A/Singapore/C2011.301/2011|KF014473|04/20/2011|Singapore||H3N2/20-1428,2011.301164,Singapore
A/New_York/565/1996|CY009478|12/02/1996|USA|96_97|H3N2/8-1416,1996.922656,USA
A/Kentucky/UR07_0148/2008|CY038857|03/10/2008|USA|07_08|H3N2/1-1409,2008.19165,USA
A/Hong_Kong/CUHK31987/2011|KC342647|11/30/2011|China||H3N2/1-1409,2011.914442,China
A/Peru/PER374/2011|CY163194|01/13/2011|Peru||H3N2/8-1416,2011.035592,Peru
A/New_York/485/2003|CY003682|01/20/2003|USA|02_03|H3N2/8-1416,2003.054757,USA
A/Utah/17/2012|KC893035|06/01/2012|USA||H3N2/1-1409,2012.418891,USA
A/England/602/2003|CY088467|12/14/2003|United_Kingdom|03_04|H3N2/1-1409,2003.952772,UnitedKingdom
A/Western_Australia/40/2003|CY015798|09/17/2003|Australia||H3N2/5-1413,2003.711841,Australia
A/Canterbury/423/2003|CY007133|07/14/2003|New_Zealand||H3N2/8-1416,2003.533881,NewZealand
A/Washington/54/2009|KC535338|05/03/2009|USA|08_09|H3N2/1-1409,2009.336756,USA
A/Nanjing/1/2009|GU907119|04/10/2009|China||H3N2/20-1428,2009.273785,China
A/Denmark/88/2003|EU103970|2003|Denmark||H3N2/1-1409,2003.002738,Denmark
A/Hong_Kong/H090_770_V10/2009|CY115826|08/03/2009|Hong_Kong||H3N2/8-1416,2009.588638,HongKong
A/Malaysia/1912341/2007|CY118117|12/18/2007|Malaysia||H3N2/4-1412,2007.963723,Malaysia
A/New_York/600/1996|CY010070|12/23/1996|USA|96_97|H3N2/8-1416,1996.980151,USA
A/New_York/183/1999|CY001359|12/01/1999|USA|99_00|H3N2/1-1409,1999.91718,USA
A/California/VRDL330/2009_H1N1_|CY070921|05/09/2009|USA|08_09|H3N2/4-1412,2009.353183,USA
A/Peru/PER210/2010|CY161946|09/13/2010|Peru||H3N2/8-1416,2010.70089,Peru
A/New_York/690/1995|CY012922|01/18/1995|USA|94_95|H3N2/8-1416,1995.049281,USA
A/New_York/347/1999|CY002298|01/19/1999|USA|98_99|H3N2/17-1425,1999.052019,USA
A/Niigata/1149/2010|HQ703366|08/03/2010|Japan||H3N2/1-1409,2010.588638,Japan
A/California/VRDL343/2009|CY067995|05/11/2009|USA||H3N2/4-1412,2009.358658,USA
A/Peru/PER140/2010|CY161386|11/13/2010|Peru||H3N2/8-1416,2010.867899,Peru
A/Peru/PER206/2011|CY161914|09/07/2011|Peru||H3N2/8-1416,2011.684463,Peru
A/Maine/08/2012|KF790288|10/28/2012|USA|12_13|H3N2/1-1409,2012.826831,USA
A/Hong_Kong/CUHK50200/2002|EU857300|10/01/2002|Hong_Kong||H3N2/1-1409,2002.750171,HongKong
A/Idaho/11/2012|KC892653|04/11/2012|USA|11_12|H3N2/1-1409,2012.279261,USA
A/Guam/WRAIR1670P/2009|CY093369|02/01/2009|Guam||H3N2/4-1412,2009.087611,Guam
A/Malaysia/32133/2005|CY118852|08/08/2005|Malaysia||H3N2/4-1412,2005.602327,Malaysia
A/Canterbury/61/2000|CY009166|09/06/2000|New_Zealand||H3N2/8-1416,2000.684463,NewZealand
A/New_York/532/1998|CY006557|01/18/1998|USA|97_98|H3N2/8-1416,1998.049281,USA
A/New_York/95/2002|CY000219|02/26/2002|USA|01_02|H3N2/18-1426,2002.156057,USA
A/Australia/18/2009|CY066513|07/21/2009|Australia||H3N2/1-1409,2009.553046,Australia
A/New_York/624/1996|CY011434|02/16/1996|USA|95_96|H3N2/1-1409,1996.128679,USA
A/TayNguyen/TN360/2005|CY104238|08/11/2005|Viet_Nam||H3N2/4-1412,2005.610541,VietNam
A/Colorado/01/2009|GQ385863|01/01/2009|USA|08_09|H3N2/1-1409,2009.002738,USA
A/Qatar/AF02/2008|CY037305|01/29/2008|Qatar||H3N2/1-1409,2008.079398,Qatar
A/Texas/JMM_58/2012|CY135150|12/07/2012|USA|12_13|H3N2/1-1409,2012.936345,USA
A/Canterbury/64/2002|CY008318|07/02/2002|New_Zealand||H3N2/1-1409,2002.501027,NewZealand
A/New_York/55/2004|CY121127|2004|USA||H3N2/8-1416,2004.002738,USA
A/Missouri/05/2011|KC883146|03/02/2011|USA|10_11|H3N2/1-1409,2011.167009,USA
A/Canterbury/81/2000|CY008790|09/21/2000|New_Zealand||H3N2/8-1416,2000.72553,NewZealand
A/New_South_Wales/22/1999|CY016653|1999|Australia||H3N2/5-1413,1999.002738,Australia
A/West_Virginia/10/2013|KF789967|07/19/2013|USA||H3N2/1-1409,2013.54757,USA
A/Malaysia/25849/2003|CY118668|09/22/2003|Malaysia||H3N2/5-1413,2003.72553,Malaysia
A/New_York/338/1999|CY001930|02/08/1999|USA|98_99|H3N2/17-1425,1999.106776,USA
A/Boston/DOA2_123/2012|CY148502|12/26/2012|USA|12_13|H3N2/1-1409,2012.988364,USA
A/New_York/101/2002|CY001106|02/04/2002|USA|01_02|H3N2/18-1426,2002.095825,USA
A/Peru/PER399/2012|CY163394|04/03/2012|Peru||H3N2/8-1416,2012.257358,Peru
A/Australia/NHRC0006/2003|CY091287|07/07/2003|Australia||H3N2/4-1412,2003.514716,Australia
A/Singapore/C2010.304V/2010|JX437743|04/21/2010|Singapore||H3N2/20-1428,2010.303901,Singapore
A/Hanoi/BM766/2003|CY105208|06/16/2003|Viet_Nam||H3N2/4-1412,2003.457221,VietNam
A/Hong_Kong/CUHK22567/2004|EU857210|03/04/2004|Hong_Kong||H3N2/1-1409,2004.175222,HongKong
A/Denmark/110/2004|EU103891|2004|Denmark||H3N2/1-1409,2004.002738,Denmark
A/Texas/JMM_43/2012|CY135038|12/02/2012|USA|12_13|H3N2/8-1416,2012.922656,USA
A/Singapore/TT215/2011|CY124394|06/07/2011|Singapore||H3N2/20-1428,2011.43258,Singapore
A/Florida/46/2012|KF789584|11/23/2012|USA|12_13|H3N2/1-1409,2012.898015,USA
A/Boston/DOA2_134/2012|CY148590|12/20/2012|USA|12_13|H3N2/1-1409,2012.971937,USA
A/Denmark/05/2004|EU103886|2004|Denmark||H3N2/1-1409,2004.002738,Denmark
A/Canterbury/10/2001|CY009398|06/07/2001|New_Zealand||H3N2/8-1416,2001.43258,NewZealand
A/Denmark/112/2004|EU103868|2004|Denmark||H3N2/1-1409,2004.002738,Denmark
A/Mexico/InDRE756/2003|CY100612|02/04/2003|Mexico||H3N2/20-1428,2003.095825,Mexico
A/Hong_Kong/H090_720_V3|JN256763|07/24/2009|Hong_Kong||H3N2/1-1409,2009.561259,HongKong
A/New_York/536/1998|CY009990|02/03/1998|USA|97_98|H3N2/8-1416,1998.093087,USA
A/Minnesota/17/2007|EU199426|03/17/2007|USA|06_07|H3N2/1-1409,2007.208077,USA
A/New_York/928/2006|CY019327|02/28/2006|USA|05_06|H3N2/2-1410,2006.161533,USA
A/New_York/156/2000|CY001399|01/05/2000|USA|99_00|H3N2/20-1428,2000.013689,USA
A/Singapore/NHRC0008/2003|CY091255|10/08/2003|Singapore||H3N2/4-1412,2003.769336,Singapore
A/Boston/10/2008|CY044478|03/03/2008|USA|07_08|H3N2/1-1409,2008.172485,USA
A/Managua/3243.01/2007|CY038545|06/24/2007|Nicaragua||H3N2/1-1409,2007.479124,Nicaragua
A/Kentucky/UR07_0164/2008|CY037649|03/20/2008|USA|07_08|H3N2/1-1409,2008.219028,USA
A/England/72|CY009358|1972|United_Kingdom||H3N2/12-1420,1972.002738,UnitedKingdom
A/Hong_Kong/CUHK74457/2003|EU857368|11/14/2003|Hong_Kong||H3N2/1-1409,2003.870637,HongKong
A/Texas/07/2010|KC882757|10/14/2010|USA|10_11|H3N2/1-1409,2010.785763,USA
A/Malaysia/12726/1997|CY118532|06/02/1997|Malaysia||H3N2/4-1412,1997.418891,Malaysia
A/TayNguyen/TN388/2005|CY105424|09/26/2005|Viet_Nam||H3N2/4-1412,2005.736482,VietNam
A/Maryland/07/2010|KC882543|11/16/2010|USA|10_11|H3N2/1-1409,2010.876112,USA
A/Florida/21/2013|KF789971|07/08/2013|USA||H3N2/1-1409,2013.517454,USA
A/Malaysia/29350/2004|CY118788|08/04/2004|Malaysia||H3N2/4-1412,2004.594114,Malaysia
A/California/NHRC0009/2005|CY091551|02/07/2005|USA||H3N2/4-1412,2005.104038,USA
A/Memphis/1/71|CY002498|1971|USA||H3N2/18-1426,1971.002738,USA
A/Queensland/23/2002|CY017541|08/13/2002|Australia||H3N2/5-1413,2002.616016,Australia
A/New_York/639/1995|CY012218|12/18/1995|USA|95_96|H3N2/1-1409,1995.963723,USA
A/TayNguyen/TN85/2003|CY104118|2003|Viet_Nam||H3N2/4-1412,2003.002738,VietNam
A/California/24/2012|KC892851|03/21/2012|USA|11_12|H3N2/1-1409,2012.221766,USA
A/Florida/27/2010|KC882691|10/30/2010|USA|10_11|H3N2/1-1409,2010.829569,USA
A/New_Jersey/NHRC0001/2005|CY092219|02/10/2005|USA|04_05|H3N2/4-1412,2005.112252,USA
A/New_York/742/1994|CY013345|01/10/1994|USA|93_94|H3N2/8-1416,1994.027379,USA
A/Ontario/U10611/2010|JQ658928|08/09/2010|Canada||H3N2/1-1409,2010.605065,Canada
A/Massachusetts/11/2011|KC892501|11/23/2011|USA|11_12|H3N2/1-1409,2011.895277,USA
A/Wisconsin/67/2005|EF541463|08/21/2005|USA||H3N2/1-1409,2005.637919,USA
A/HaNoi/BT251/2007|CY105504|07/26/2007|Viet_Nam||H3N2/5-1413,2007.566735,VietNam
A/Tehran/895/2012|KC865630|01/17/2012|Iran||H3N2/20-1428,2012.046543,Iran
A/Australia/NHRC0009/2003|CY091271|07/09/2003|Australia||H3N2/4-1412,2003.520192,Australia
A/Peru/PER335/2010|CY162906|11/11/2010|Peru||H3N2/8-1416,2010.862423,Peru
A/Peru/PER177/2010|CY161682|12/03/2010|Peru||H3N2/8-1416,2010.922656,Peru
A/Hong_Kong/CUHK21932/2001|EU857199|04/27/2001|Hong_Kong||H3N2/1-1409,2001.320329,HongKong
A/Maryland/33/2012|KF790511|11/11/2012|USA|12_13|H3N2/1-1409,2012.865161,USA
A/New_York/187/2000|CY001367|01/27/2000|USA|99_00|H3N2/18-1426,2000.073922,USA
A/Hong_Kong/1_8/1968|CY033998|1968|Hong_Kong||H3N2/1-1409,1968.002738,HongKong
A/Florida/11/2010|KC535303|07/28/2010|USA||H3N2/1-1409,2010.572211,USA
A/Canterbury/56/2002|CY007733|06/25/2002|New_Zealand||H3N2/8-1416,2002.481862,NewZealand
A/Peru/PER215/2010|CY161986|12/20/2010|Peru||H3N2/8-1416,2010.969199,Peru
A/Oregon/05/2012|KC892928|03/29/2012|USA|11_12|H3N2/1-1409,2012.243669,USA
A/New_York/182/2000|CY001279|02/18/2000|USA|99_00|H3N2/1-1409,2000.134155,USA
A/Georgia/16/2012|KF789924|09/02/2012|USA||H3N2/1-1409,2012.673511,USA
A/Canterbury/411/2003|CY007085|07/15/2003|New_Zealand||H3N2/8-1416,2003.536619,NewZealand
A/Tennessee/18/2012|KF789720|12/07/2012|USA|12_13|H3N2/1-1409,2012.936345,USA
A/New_York/460/1999|CY006901|01/25/1999|USA|98_99|H3N2/20-1428,1999.068446,USA
A/New_York/290/1999|CY001794|02/17/1999|USA|98_99|H3N2/17-1425,1999.131417,USA
A/Boston/DOA2_121/2012|CY148486|12/24/2012|USA|12_13|H3N2/1-1409,2012.982888,USA
A/California/VRDL304/2009|CY067231|05/07/2009|USA|08_09|H3N2/5-1413,2009.347707,USA
A/Thailand/CU379/2008|FJ912994|2008|Thailand||H3N2/2-1410,2008.002738,Thailand
A/Hong_Kong/CUHK6898/2005|EU857360|02/12/2005|Hong_Kong||H3N2/1-1409,2005.117728,HongKong
A/Canterbury/313/2004|CY007573|10/12/2004|New_Zealand||H3N2/8-1416,2004.783025,NewZealand
A/Peru/PER327/2010|CY162842|09/23/2010|Peru||H3N2/8-1416,2010.728268,Peru
A/Pennsylvania/13/2008|GQ369891|12/11/2008|USA|08_09|H3N2/1-1409,2008.947296,USA
A/Hong_Kong/CUHK10554/1998|EU857105|01/13/1998|Hong_Kong||H3N2/1-1409,1998.035592,HongKong
A/Hong_Kong/CUHK41114/1997|EU857282|12/23/1997|Hong_Kong||H3N2/1-1409,1997.977413,HongKong
A/Hong_Kong/CUHK6210/2002|EU857346|02/03/2002|Hong_Kong||H3N2/1-1409,2002.093087,HongKong
A/California/17/2010|KC883268|08/30/2010|USA||H3N2/1-1409,2010.66256,USA
A/Managua/2912.04/2010|CY074741|06/13/2010|Nicaragua||H3N2/4-1412,2010.449008,Nicaragua
A/Houston/56941/1992|CY113711|04/03/1992|USA|91_92|H3N2/4-1412,1992.257358,USA
A/New_York/248/1999|CY001690|02/02/1999|USA|98_99|H3N2/17-1425,1999.090349,USA
A/Canterbury/308/2004|CY008230|10/06/2004|New_Zealand||H3N2/8-1416,2004.766598,NewZealand
A/Michigan/04/2012|KC893029|03/05/2012|USA|11_12|H3N2/1-1409,2012.17796,USA
A/Malaysia/12132/1997|CY118516|03/18/1997|Malaysia||H3N2/4-1412,1997.210815,Malaysia
A/Beijing/1/68|CY008158|1968|China||H3N2/20-1428,1968.002738,China
A/Canterbury/418/2003|CY007117|07/15/2003|New_Zealand||H3N2/8-1416,2003.536619,NewZealand
A/West_Virginia/05/2013|KF790481|07/19/2013|USA||H3N2/1-1409,2013.54757,USA
A/Hong_Kong/CUHK35013/2004|EU857274|06/01/2004|Hong_Kong||H3N2/1-1409,2004.418891,HongKong
A/Idaho/01/2010|KC882580|11/23/2010|USA|10_11|H3N2/1-1409,2010.895277,USA
A/Canterbury/89/2000|CY008822|10/03/2000|New_Zealand||H3N2/8-1416,2000.758385,NewZealand
A/Peru/PER008/2010|CY160346|10/22/2010|Peru||H3N2/8-1416,2010.807666,Peru
A/New_York/262/1999|CY001602|01/25/1999|USA|98_99|H3N2/18-1426,1999.068446,USA
A/Boston/DOA2_173/2013|CY148862|01/06/2013|USA|12_13|H3N2/1-1409,2013.016427,USA
A/Netherlands/209/1980|CY113271|12/01/1980|Netherlands|80_81|H3N2/4-1412,1980.919918,Netherlands
A/New_York/415/2002|CY003186|02/22/2002|USA|01_02|H3N2/18-1426,2002.145106,USA
A/Albany/17/1968|CY021111|1968|USA||H3N2/5-1413,1968.002738,USA
A/New_York/17/2003|CY001055|11/16/2003|USA|03_04|H3N2/18-1426,2003.876112,USA
A/Singapore/GP1231/2011|CY124192|07/12/2011|Singapore||H3N2/18-1426,2011.528405,Singapore
A/Denmark/13/2004|EU103926|2004|Denmark||H3N2/1-1409,2004.002738,Denmark
A/Hong_Kong/1/1989|CY112430|1989|Hong_Kong||H3N2/4-1412,1989.002738,HongKong
A/Fujian/411/2002|CY112935|2002|China||H3N2/5-1413,2002.002738,China
A/Waikato/1/2003|CY011714|05/20/2003|New_Zealand||H3N2/8-1416,2003.383299,NewZealand
A/Singapore/TT713/2011|CY124470|10/28/2011|Singapore||H3N2/20-1428,2011.824093,Singapore
A/Managua/5099.03/2010|CY088877|05/28/2010|Nicaragua||H3N2/4-1412,2010.405202,Nicaragua
A/Singapore/C2010.682V/2010|JX437746|09/06/2010|Singapore||H3N2/20-1428,2010.681725,Singapore
A/Virginia/02/2009|GQ385903|01/05/2009|USA|08_09|H3N2/1-1409,2009.013689,USA
A/Western_Australia/70/2005|CY016014|07/11/2005|Australia||H3N2/5-1413,2005.525667,Australia
A/Queensland/11/2001|CY017485|08/11/2001|Australia||H3N2/5-1413,2001.610541,Australia
A/Ontario/C526567/2010|JQ658931|09/15/2010|Canada||H3N2/1-1409,2010.706366,Canada
A/England/518/2003|CY088208|11/05/2003|United_Kingdom|03_04|H3N2/1-1409,2003.845996,UnitedKingdom
A/Louisiana/02/2012|KC892904|03/22/2012|USA|11_12|H3N2/1-1409,2012.224504,USA
A/Kentucky/02/2012|KC892340|02/03/2012|USA|11_12|H3N2/1-1409,2012.093087,USA
A/Singapore/KK535/2011|CY124368|12/05/2011|Singapore||H3N2/20-1428,2011.928131,Singapore
A/Boston/DOA2_215/2013|CY149110|01/15/2013|USA|12_13|H3N2/1-1409,2013.041068,USA
A/Boston/DOA2_203/2012|CY149054|12/29/2012|USA|12_13|H3N2/1-1409,2012.996578,USA
A/New_Mexico/06/2012|KC892509|02/20/2012|USA|11_12|H3N2/1-1409,2012.13963,USA
A/Massachusetts/01/2009|GQ385855|01/20/2009|USA|08_09|H3N2/1-1409,2009.054757,USA
A/Peru/PER081/2012|CY160930|02/03/2012|Peru||H3N2/8-1416,2012.093087,Peru
A/Hong_Kong/107/1971|CY112291|1971|Hong_Kong||H3N2/4-1412,1971.002738,HongKong
A/Mexico/24014/2008|CY147669|12/01/2008|Mexico||H3N2/1-1409,2008.919918,Mexico
A/Singapore/78L/2007|KF533059|05/18/2007|Singapore||H3N2/1-1409,2007.377823,Singapore
A/Hong_Kong/CUHK31421/1999|EU857250|08/04/1999|Hong_Kong||H3N2/1-1409,1999.591376,HongKong
A/Hong_Kong/1_11_MA21_1/1968|CY033539|1968|Hong_Kong||H3N2/1-1409,1968.002738,HongKong
A/Peru/PER003/2010|CY160306|10/30/2010|Peru||H3N2/8-1416,2010.829569,Peru
A/California/VRDL363/2009|CY073759|2009|USA||H3N2/4-1412,2009.002738,USA
A/Denmark/84/2005|EU103913|2005|Denmark||H3N2/1-1409,2005.002738,Denmark
A/Morioka/22/2006|AB433824|02/08/2006|Japan|05_06|H3N2/1-1409,2006.106776,Japan
A/Hawaii/16/2009|GQ385842|04/20/2009|USA|08_09|H3N2/1-1409,2009.301164,USA
A/Boston/DOA2_128/2012|CY148542|12/18/2012|USA|12_13|H3N2/1-1409,2012.966461,USA
A/Michigan/01/2013|KF789565|01/31/2013|USA|12_13|H3N2/1-1409,2013.084873,USA
A/Singapore/TT594/2011|CY124444|09/13/2011|Singapore||H3N2/16-1424,2011.70089,Singapore
A/Virginia/03/2012|KC893038|01/23/2012|USA|11_12|H3N2/1-1409,2012.062971,USA
A/Canterbury/206/2005|CY008093|07/13/2005|New_Zealand||H3N2/8-1416,2005.531143,NewZealand
A/Denmark/17_2/03|AY531024|2003|Denmark||H3N2/1-1409,2003.002738,Denmark
A/Denmark/122/2003|EU103953|2003|Denmark||H3N2/1-1409,2003.002738,Denmark
A/Hawaii/13/2007|EU516189|04/22/2007|USA|06_07|H3N2/1-1409,2007.306639,USA
A/Peru/PER218/2010|CY162010|10/15/2010|Peru||H3N2/8-1416,2010.788501,Peru
A/New_York/3164/2009|CY050670|05/01/2009|USA||H3N2/1-1409,2009.33128,USA
A/Pennsylvania/15/2011|KC892406|11/16/2011|USA|11_12|H3N2/1-1409,2011.876112,USA
A/Boston/DOA2_126/2012|CY148526|12/16/2012|USA|12_13|H3N2/1-1409,2012.960986,USA
A/Wyoming/08/2011|KC883037|03/23/2011|USA|10_11|H3N2/1-1409,2011.224504,USA
A/Amsterdam/1609/1977|CY113231|1977|Netherlands||H3N2/4-1412,1977.002738,Netherlands
A/New_York/598/1996|CY012210|12/17/1996|USA|96_97|H3N2/8-1416,1996.963723,USA
A/Illinois/UR06_0436/2007|CY025901|02/27/2007|USA|06_07|H3N2/5-1413,2007.158795,USA
A/Connecticut/07/2011|KC883151|04/02/2011|USA|10_11|H3N2/1-1409,2011.251882,USA
A/Denmark/46/2006|EU103856|2006|Denmark||H3N2/1-1409,2006.002738,Denmark
A/Boston/63/2008|CY044758|02/26/2008|USA|07_08|H3N2/1-1409,2008.156057,USA
A/Astrakhan/RII65/2011|CY114555|12/06/2011|Russia|11_12|H3N2/1-1409,2011.930869,Russia
A/New_York/331/1999|CY001986|01/28/1999|USA|98_99|H3N2/20-1428,1999.07666,USA
A/Nebraska/07/2012|KC892803|02/06/2012|USA|11_12|H3N2/1-1409,2012.1013,USA
A/Albany/4/1969|CY021839|1969|USA||H3N2/5-1413,1969.002738,USA
A/Denmark/67/2005|EU103956|2005|Denmark||H3N2/1-1409,2005.002738,Denmark
A/New_York/933/2006|CY019335|03/01/2006|USA|05_06|H3N2/5-1413,2006.164271,USA
A/Nebraska/01/2012|KC892800|01/14/2012|USA|11_12|H3N2/1-1409,2012.03833,USA
A/Denmark/113/2004|EU103867|2004|Denmark||H3N2/1-1409,2004.002738,Denmark
A/New_York/510/1998|CY006253|02/20/1998|USA|97_98|H3N2/14-1422,1998.13963,USA
A/Michigan/01/2008|FJ179351|04/01/2008|USA|07_08|H3N2/1-1409,2008.251882,USA
A/HaNoi/N317/2007|CY105624|10/17/2007|Viet_Nam||H3N2/4-1412,2007.793977,VietNam
A/Hanoi/BM767/2003|CY105216|06/16/2003|Viet_Nam||H3N2/4-1412,2003.457221,VietNam
A/Western_Australia/68/2005|CY016006|07/04/2005|Australia||H3N2/5-1413,2005.506502,Australia
A/South_Carolina/NHRC0001/2011|CY091567|01/28/2011|USA||H3N2/4-1412,2011.07666,USA
A/New_York/203/2003|CY001471|05/07/2003|USA|02_03|H3N2/19-1427,2003.347707,USA
A/Maine/05/2012|KF789695|04/03/2012|USA|11_12|H3N2/1-1409,2012.257358,USA
A/Dunedin/38/2003|CY013447|08/02/2003|New_Zealand||H3N2/5-1413,2003.5859,NewZealand
A/Philippines/5/2009|GQ293086|03/05/2009|Philippines||H3N2/20-1428,2009.175222,Philippines
A/New_York/280/1999|CY001762|04/12/1999|USA|98_99|H3N2/18-1426,1999.279261,USA
A/New_York/923/2006|CY020071|02/23/2006|USA|05_06|H3N2/5-1413,2006.147844,USA
A/New_York/535/1998|CY006773|03/05/1998|USA|97_98|H3N2/8-1416,1998.175222,USA
A/Wisconsin/3/07_X_167|EU516108|2007|USA||H3N2/1-1409,2007.002738,USA
A/Western_Australia/11/2000|CY015670|10/14/2000|Australia||H3N2/5-1413,2000.788501,Australia
A/Hong_Kong/H090_734_V1|JN256771|07/22/2009|Hong_Kong||H3N2/1-1409,2009.555784,HongKong
A/Canterbury/58/2000|CY009150|09/05/2000|New_Zealand||H3N2/8-1416,2000.681725,NewZealand
A/Colorado/16/2012|KC892708|05/05/2012|USA|11_12|H3N2/1-1409,2012.344969,USA
A/California/VRDL336/2009|CY068619|05/05/2009|USA||H3N2/4-1412,2009.342231,USA
A/Managua/5674.05/2010|CY074813|06/05/2010|Nicaragua||H3N2/4-1412,2010.427105,Nicaragua
A/New_York/455/1999|CY006070|01/14/1999|USA|98_99|H3N2/4-1412,1999.03833,USA
A/Denmark/123/2004|EU103892|2004|Denmark||H3N2/1-1409,2004.002738,Denmark
A/Bilthoven/16398/1968|CY112243|1968|Netherlands||H3N2/4-1412,1968.002738,Netherlands
A/Boston/DOA2_180/2013|CY148918|01/13/2013|USA|12_13|H3N2/1-1409,2013.035592,USA
A/Wisconsin/19/2011|KC883028|03/30/2011|USA|10_11|H3N2/1-1409,2011.243669,USA
A/Canterbury/70/2002|CY008326|07/06/2002|New_Zealand||H3N2/8-1416,2002.511978,NewZealand
A/Auckland/593/2000|CY022519|10/09/2000|New_Zealand||H3N2/5-1413,2000.774812,NewZealand
A/New_York/508/1997|CY006245|12/22/1997|USA|97_98|H3N2/8-1416,1997.974675,USA
A/Hong_Kong/CUHK20169/2000|EU857170|01/07/2000|Hong_Kong||H3N2/1-1409,2000.019165,HongKong
A/Peru/PER172/2010|CY161642|11/03/2010|Peru||H3N2/8-1416,2010.84052,Peru
A/Oregon/12/2012|KF789778|11/11/2012|USA|12_13|H3N2/1-1409,2012.865161,USA
A/Malaysia/26430/2003|CY118700|12/08/2003|Malaysia||H3N2/4-1412,2003.936345,Malaysia
A/Peru/PER234/2010|CY162138|12/03/2010|Peru||H3N2/8-1416,2010.922656,Peru
A/Malaysia/29930/2004|CY118820|10/12/2004|Malaysia||H3N2/4-1412,2004.783025,Malaysia
A/Hong_Kong/CUHK27183/2000|EU857238|08/06/2000|Hong_Kong||H3N2/1-1409,2000.599589,HongKong
A/Peru/PER032/2010|CY160538|10/28/2010|Peru||H3N2/8-1416,2010.824093,Peru
A/Florida/42/2011|KC892674|11/29/2011|USA|11_12|H3N2/1-1409,2011.911704,USA
A/Hong_Kong/HKU78/2005|CY043770|07/09/2005|Hong_Kong||H3N2/1-1409,2005.520192,HongKong
A/Alaska/31/2012|KF789801|12/07/2012|USA|12_13|H3N2/1-1409,2012.936345,USA
A/Florida/68/2012|KF789908|06/24/2012|USA||H3N2/1-1409,2012.481862,USA
A/Boston/DOA36/2011|CY134507|02/10/2011|USA|10_11|H3N2/8-1416,2011.112252,USA
A/Washington/21/2012|KC892883|03/13/2012|USA|11_12|H3N2/1-1409,2012.199863,USA
A/Singapore/TT633/2011|CY124454|09/29/2011|Singapore||H3N2/20-1428,2011.744695,Singapore
A/Peru/PER363/2012|CY163122|05/07/2012|Peru||H3N2/8-1416,2012.350445,Peru
A/HaNoi/Q464/2007|CY105696|06/29/2007|Viet_Nam||H3N2/4-1412,2007.492813,VietNam
A/Minnesota/02/2008|EU779507|01/11/2008|USA|07_08|H3N2/1-1409,2008.030116,USA
A/Singapore/H2011.474/2011|KF014448|06/22/2011|Singapore||H3N2/20-1428,2011.473648,Singapore
A/Peru/PER386/2010|CY163290|10/28/2010|Peru||H3N2/8-1416,2010.824093,Peru
A/Washington/04/2010|KC882774|12/02/2010|USA|10_11|H3N2/1-1409,2010.919918,USA
A/Canterbury/212/2005|CY008101|07/20/2005|New_Zealand||H3N2/8-1416,2005.550308,NewZealand
A/HaNoi/HN695/2003|CY105256|08/14/2003|Viet_Nam||H3N2/4-1412,2003.618754,VietNam
A/New_York/413/2002|CY003170|02/08/2002|USA|01_02|H3N2/17-1425,2002.106776,USA
A/Boston/DOA2_190/2013|CY148990|01/11/2013|USA|12_13|H3N2/1-1409,2013.030116,USA
A/New_Mexico/05/2013|KF790344|01/18/2013|USA|12_13|H3N2/1-1409,2013.049281,USA
A/Wyoming/09/2011|KC892693|12/30/2011|USA|11_12|H3N2/1-1409,2011.996578,USA
A/Hong_Kong/HKU4/2004|CY038945|03/01/2004|Hong_Kong||H3N2/1-1409,2004.167009,HongKong
A/Queensland/33/2003|CY017565|08/25/2003|Australia||H3N2/5-1413,2003.648871,Australia
A/Hong_Kong/HKU35/2004|CY040308|08/24/2004|Hong_Kong||H3N2/1-1409,2004.648871,HongKong
A/Taiwan/9/2004|CY040084|01/02/2004|Taiwan||H3N2/1-1409,2004.005476,Taiwan
A/Wellington/6/2004|CY012114|08/18/2004|New_Zealand||H3N2/5-1413,2004.632444,NewZealand
A/Mississippi/06/2012|KC892713|05/14/2012|USA|11_12|H3N2/1-1409,2012.36961,USA
A/Denmark/60/03|AY531011|2003|Denmark||H3N2/1-1409,2003.002738,Denmark
A/Delaware/01/2013|KF790058|01/03/2013|USA|12_13|H3N2/1-1409,2013.008214,USA
A/Geneva/5366/1991|CY113567|1991|Switzerland||H3N2/4-1412,1991.002738,Switzerland
A/Hawaii/14/2009|GQ385880|04/15/2009|USA|08_09|H3N2/1-1409,2009.287474,USA
A/Denmark/83/2005|EU103914|2005|Denmark||H3N2/1-1409,2005.002738,Denmark
A/Florida/19/2010|KC883254|09/22/2010|USA||H3N2/1-1409,2010.72553,USA
A/Managua/506.02/2010|CY074861|06/05/2010|Nicaragua||H3N2/4-1412,2010.427105,Nicaragua
A/Rhode_Island/01/2010|KC535477|01/26/2010|USA|09_10|H3N2/1-1409,2010.071184,USA
A/Montana/05/2010|KC882706|12/09/2010|USA|10_11|H3N2/1-1409,2010.939083,USA
A/Boston/DOA2_129/2012|CY148550|12/18/2012|USA|12_13|H3N2/1-1409,2012.966461,USA
A/Singapore/53/1989|CY112438|1989|Singapore||H3N2/4-1412,1989.002738,Singapore
A/Alaska/22/2012|KF790198|10/01/2012|USA|12_13|H3N2/1-1409,2012.752909,USA
A/New_York/3318/2009|CY084387|04/28/2009|USA||H3N2/1-1409,2009.323066,USA
A/KhanhHoa/KH475/2008|CY105872|12/10/2008|Viet_Nam||H3N2/4-1412,2008.944559,VietNam
A/New_York/744/1994|CY013361|01/18/1994|USA|93_94|H3N2/15-1423,1994.049281,USA
A/Oklahoma/NHRC375600/2012|KF928623|11/29/2012|USA|12_13|H3N2/1-1409,2012.914442,USA
A/Wisconsin/32/2007|EU516225|12/20/2007|USA|07_08|H3N2/1-1409,2007.969199,USA
A/England/917/2003|CY088432|12/02/2003|United_Kingdom|03_04|H3N2/1-1409,2003.919918,UnitedKingdom
A/HaNoi/TX050/2007|CY104510|01/23/2007|Viet_Nam||H3N2/4-1412,2007.062971,VietNam
A/Hong_Kong/CUHK42241/2005|EU857288|07/02/2005|Hong_Kong||H3N2/1-1409,2005.501027,HongKong
A/Canterbury/2/2000|CY009118|01/20/2000|New_Zealand||H3N2/8-1416,2000.054757,NewZealand
A/Pennsylvania/11/2010|KC882436|09/01/2010|USA||H3N2/1-1409,2010.668036,USA
A/Peru/PER254/2010|CY162282|11/08/2010|Peru||H3N2/8-1416,2010.854209,Peru
A/Delware/WRAIR1240/2009|CY069519|02/2009|USA|08_09|H3N2/1-1409,2009.087611,USA
A/Hong_Kong/HKU52/2005|CY040324|04/16/2005|Hong_Kong||H3N2/1-1409,2005.290212,HongKong
A/Pennsylvania/07/2012|KC892893|03/19/2012|USA|11_12|H3N2/1-1409,2012.21629,USA
A/South_Australia/20/2005|CY016605|2005|Australia||H3N2/5-1413,2005.002738,Australia
A/New_York/603/1996|CY010614|12/09/1996|USA|96_97|H3N2/8-1416,1996.941821,USA
A/Texas/JMM_5/2012|CY134766|11/14/2012|USA|12_13|H3N2/1-1409,2012.873374,USA
A/New_York/538/1998|CY006805|02/08/1998|USA|97_98|H3N2/8-1416,1998.106776,USA
A/Singapore/GP1030/2011|CY124168|05/25/2011|Singapore||H3N2/20-1428,2011.396988,Singapore
A/Peru/PER274/2010|CY162434|10/18/2010|Peru||H3N2/8-1416,2010.796715,Peru
A/Boston/DOA2_189/2013|CY148982|01/14/2013|USA|12_13|H3N2/1-1409,2013.03833,USA
A/New_York/3487/2009|CY050838|05/11/2009|USA||H3N2/1-1409,2009.358658,USA
A/New_York/619/1996|CY010686|01/10/1996|USA|95_96|H3N2/8-1416,1996.027379,USA
A/New_York/4362/2009|CY084419|06/23/2009|USA||H3N2/1-1409,2009.476386,USA
A/Boston/56/2008|CY044702|02/24/2008|USA|07_08|H3N2/1-1409,2008.150582,USA
A/Denmark/83/2003|EU103920|2003|Denmark||H3N2/1-1409,2003.002738,Denmark
A/Minnesota/20/2011|KC892967|11/02/2011|USA|11_12|H3N2/1-1409,2011.837782,USA
A/Idaho/04/2012|KC892377|02/02/2012|USA|11_12|H3N2/1-1409,2012.090349,USA
A/Netherlands/88/2003|CY112967|03/05/2003|Netherlands|02_03|H3N2/4-1412,2003.175222,Netherlands
A/Singapore/GP1072/2011|CY124174|06/06/2011|Singapore||H3N2/20-1428,2011.429843,Singapore
A/Canterbury/248/2005|CY008590|08/03/2005|New_Zealand||H3N2/8-1416,2005.588638,NewZealand
A/Dunedin/9/2002|CY012002|07/09/2002|New_Zealand||H3N2/1-1409,2002.520192,NewZealand
A/Hong_Kong/CUHK6205/2003|EU857344|02/03/2003|Hong_Kong||H3N2/1-1409,2003.093087,HongKong
A/Peru/PER060/2010|CY160762|10/29/2010|Peru||H3N2/8-1416,2010.826831,Peru
A/California/VRDL274/2009|CY068403|04/30/2009|USA|08_09|H3N2/5-1413,2009.328542,USA
A/Peru/PER021/2010|CY160450|10/28/2010|Peru||H3N2/8-1416,2010.824093,Peru
A/Malaysia/10370/1996|CY118460|07/03/1996|Malaysia||H3N2/4-1412,1996.506502,Malaysia
A/New_York/C4/2002|CY013807|02/01/2002|USA|01_02|H3N2/5-1413,2002.087611,USA
A/Ontario/C627683/2010|JQ658944|10/08/2010|Canada|10_11|H3N2/1-1409,2010.769336,Canada
A/Texas/JMM_49/2012|CY135086|12/06/2012|USA|12_13|H3N2/8-1416,2012.933607,USA
A/Singapore/KK581/2011|CY124374|12/30/2011|Singapore||H3N2/20-1428,2011.996578,Singapore
A/California/VRDL250/2009|CY068307|04/29/2009|USA||H3N2/4-1412,2009.325804,USA
A/Hong_Kong/HKU50/2005|CY039505|04/11/2005|Hong_Kong||H3N2/1-1409,2005.276523,HongKong
A/New_York/560/1997|CY009462|01/06/1997|USA|96_97|H3N2/2-1410,1997.016427,USA
A/Pennsylvania/PIT08/2008|CY035056|01/15/2008|USA|07_08|H3N2/1-1409,2008.041068,USA
A/Nevada/16/2012|KC892872|03/02/2012|USA|11_12|H3N2/1-1409,2012.169747,USA
A/HaNoi/N078/2007|CY104414|03/10/2007|Viet_Nam||H3N2/4-1412,2007.188912,VietNam
A/Illinois/NHRC0001/2005|CY091007|04/06/2005|USA|04_05|H3N2/4-1412,2005.262834,USA
A/New_York/3127/2009|CY050574|04/28/2009|USA||H3N2/1-1409,2009.323066,USA
A/Boston/DOA60/2011|CY134603|02/24/2011|USA|10_11|H3N2/8-1416,2011.150582,USA
A/New_York/715/1994|CY011882|07/29/1994|USA||H3N2/8-1416,1994.574949,USA
A/Canterbury/16/2004|CY007357|08/06/2004|New_Zealand||H3N2/8-1416,2004.599589,NewZealand
A/Louisiana/09/2012|KF790173|10/30/2012|USA|12_13|H3N2/1-1409,2012.832307,USA
A/New_York/908/2004|CY021991|12/27/2004|USA|04_05|H3N2/17-1425,2004.991102,USA
A/New_York/555/1996|CY010798|12/23/1996|USA|96_97|H3N2/8-1416,1996.980151,USA
A/Hong_Kong/HKU73/2005|CY044399|06/02/2005|Hong_Kong||H3N2/1-1409,2005.418891,HongKong
A/Indiana/04/2010|KC882668|09/02/2010|USA||H3N2/1-1409,2010.670773,USA
A/New_York/765/1993|CY012186|03/03/1993|USA|92_93|H3N2/5-1413,1993.169747,USA
A/Belgrade/WRAIR2379N/2010|CY093393|10/25/2010|Serbia|10_11|H3N2/4-1412,2010.81588,Serbia
A/Boston/DOA2_240/2013|CY149278|01/08/2013|USA|12_13|H3N2/1-1409,2013.021903,USA
A/Hawaii/09/2010|KC535443|06/15/2010|USA||H3N2/1-1409,2010.454483,USA
A/Hong_Kong/20/1996|CY114239|02/24/1996|Hong_Kong||H3N2/4-1412,1996.150582,HongKong
A/New_York/394/2005|CY002738|01/04/2005|USA|04_05|H3N2/18-1426,2005.010951,USA
A/New_York/514/1998|CY008942|01/13/1998|USA|97_98|H3N2/8-1416,1998.035592,USA
A/New_York/568/1996|CY009662|12/11/1996|USA|96_97|H3N2/12-1420,1996.947296,USA
A/Peru/PER224/2010|CY162058|11/02/2010|Peru||H3N2/8-1416,2010.837782,Peru
A/New_York/59/2003|CY000959|12/16/2003|USA|03_04|H3N2/18-1426,2003.958248,USA
A/HaNoi/TX067/2007|CY105800|01/28/2007|Viet_Nam||H3N2/4-1412,2007.07666,VietNam
A/Peru/PER222/2012|CY162042|04/09/2012|Peru||H3N2/2-1410,2012.273785,Peru
A/Western_Australia/25/2002|CY015710|07/10/2002|Australia||H3N2/5-1413,2002.52293,Australia
A/Peru/PER383/2010|CY163266|12/06/2010|Peru||H3N2/8-1416,2010.930869,Peru
A/Bilthoven/908/1969|CY113047|1969|Netherlands||H3N2/4-1412,1969.002738,Netherlands
A/Thailand/CU280/2007|EU021273|2007|Thailand||H3N2/1-1409,2007.002738,Thailand
A/Kansas/11/2011|KC892622|12/11/2011|USA|11_12|H3N2/1-1409,2011.944559,USA
A/New_York/480/2004|CY009254|01/12/2004|USA|03_04|H3N2/8-1416,2004.032854,USA
A/New_York/3/2006|CY013799|03/22/2006|USA|05_06|H3N2/5-1413,2006.221766,USA
A/Texas/52/2012|KC892247|07/10/2012|USA||H3N2/1-1409,2012.525667,USA
A/Vermont/11/2011|KC883164|04/12/2011|USA|10_11|H3N2/1-1409,2011.279261,USA
A/California/NHRC0003/2005|CY091503|10/25/2005|USA|05_06|H3N2/4-1412,2005.81588,USA
A/Memphis/5/85|CY008454|1985|USA||H3N2/8-1416,1985.002738,USA
A/Texas/NHRC0001/2005|CY091135|02/16/2005|USA|04_05|H3N2/4-1412,2005.128679,USA
A/Texas/NHRC0002/2005|CY091023|12/19/2005|USA|05_06|H3N2/4-1412,2005.966461,USA
A/Hong_Kong/1144/99|AF382332|1999|Hong_Kong||H3N2/20-1428,1999.002738,HongKong
A/Peru/PER184/2010|CY161738|10/14/2010|Peru||H3N2/8-1416,2010.785763,Peru
A/Western_Australia/55/2004|CY015910|09/14/2004|Australia||H3N2/5-1413,2004.706366,Australia
A/Canterbury/19/2002|CY007853|05/15/2002|New_Zealand||H3N2/8-1416,2002.36961,NewZealand
A/Ohio/UR07_0013/2008|CY041460|02/13/2008|USA|07_08|H3N2/1-1409,2008.120465,USA
A/Hanoi/HN30109/2004|AB281218|01/30/2004|Viet_Nam||H3N2/20-1428,2004.082136,VietNam
A/Queensland/55/2005|CY017613|08/02/2005|Australia||H3N2/5-1413,2005.5859,Australia
A/Western_Australia/13/2001|CY015678|07/11/2001|Australia||H3N2/5-1413,2001.525667,Australia
A/England/485/2003|CY088320|12/05/2003|United_Kingdom|03_04|H3N2/1-1409,2003.928131,UnitedKingdom
A/New_York/439/2000|CY003458|01/23/2000|USA|99_00|H3N2/8-1416,2000.062971,USA
A/Managua/5/2007|CY034094|06/13/2007|Nicaragua||H3N2/1-1409,2007.449008,Nicaragua
A/Texas/UR06_0418/2007|CY025853|02/26/2007|USA|06_07|H3N2/5-1413,2007.156057,USA
A/Kentucky/UR07_0108/2008|CY037593|02/27/2008|USA|07_08|H3N2/1-1409,2008.158795,USA
A/Peru/PER205/2011|CY161906|09/12/2011|Peru||H3N2/8-1416,2011.698152,Peru
A/Brisbane/09/2006|CY121570|2006|Australia||H3N2/8-1416,2006.002738,Australia
A/Hong_Kong/CUHK35435/2004|EU857276|06/10/2004|Hong_Kong||H3N2/1-1409,2004.443532,HongKong
A/Canterbury/232/2005|CY013242|07/16/2005|New_Zealand||H3N2/8-1416,2005.539357,NewZealand
A/Hong_Kong/CUHK6377/2003|EU857348|02/07/2003|Hong_Kong||H3N2/1-1409,2003.104038,HongKong
A/Atlanta/3572/1988|CY113375|1988|USA||H3N2/4-1412,1988.002738,USA
A/Boston/DOA2_244/2013|CY149310|01/28/2013|USA|12_13|H3N2/1-1409,2013.07666,USA
A/New_Hampshire/02/2011|KC882934|01/13/2011|USA|10_11|H3N2/1-1409,2011.035592,USA
A/Canterbury/11/2004|CY007341|08/04/2004|New_Zealand||H3N2/8-1416,2004.594114,NewZealand
A/Virginia/04/2012|KC892202|02/01/2012|USA|11_12|H3N2/1-1409,2012.087611,USA
A/Paris/512/1991|CY113839|12/01/1991|France|91_92|H3N2/4-1412,1991.91718,France
A/New_York/328/1998|CY002378|12/28/1998|USA|98_99|H3N2/17-1425,1998.991102,USA
A/Illinois/NHRC0001/2006|CY091047|02/15/2006|USA|05_06|H3N2/4-1412,2006.125941,USA
A/Hong_Kong/H090_769_V10/2009|CY115818|08/03/2009|Hong_Kong||H3N2/8-1416,2009.588638,HongKong
A/New_York/137/1999|CY001122|10/04/1999|USA|99_00|H3N2/18-1426,1999.758385,USA
A/New_York/781/1993|CY013186|03/26/1993|USA|92_93|H3N2/8-1416,1993.232717,USA
A/New_York/736/1994|CY012978|01/21/1994|USA|93_94|H3N2/8-1416,1994.057495,USA
A/Canterbury/304/2004|CY007557|10/04/2004|New_Zealand||H3N2/8-1416,2004.761123,NewZealand
A/Georgia/16/2010|KC882670|09/18/2010|USA||H3N2/1-1409,2010.714579,USA
A/New_York/594/1996|CY010046|11/18/1996|USA|96_97|H3N2/8-1416,1996.884326,USA
A/New_York/145/1999|CY001383|11/09/1999|USA|99_00|H3N2/18-1426,1999.856947,USA
A/Albany/1/1970|CY022940|1970|USA||H3N2/5-1413,1970.002738,USA
A/Peru/PER343/2011|CY162970|11/03/2011|Peru||H3N2/8-1416,2011.84052,Peru
A/New_York/756/1993|CY012122|02/02/1993|USA|92_93|H3N2/5-1413,1993.090349,USA
A/Texas/JMM_47/2012|CY135070|12/04/2012|USA|12_13|H3N2/1-1409,2012.928131,USA
A/Western_Australia/69/2005|CY016981|07/05/2005|Australia||H3N2/2-1410,2005.50924,Australia
A/Taiwan/70120/2008|CY040100|01/15/2008|Taiwan||H3N2/1-1409,2008.041068,Taiwan
A/Boston/45/2008|CY044630|02/19/2008|USA|07_08|H3N2/1-1409,2008.136893,USA
A/Idaho/17/2008|FJ686918|10/07/2008|USA|08_09|H3N2/1-1409,2008.769336,USA
A/California/VRDL325/2009|CY068555|05/03/2009|USA||H3N2/4-1412,2009.336756,USA
A/Alaska/16/2011|KC883439|03/24/2011|USA|10_11|H3N2/1-1409,2011.227242,USA
A/Oregon/15/2012|KF790073|12/24/2012|USA|12_13|H3N2/1-1409,2012.982888,USA
A/California/VRDL268/2009|CY068379|04/30/2009|USA|08_09|H3N2/4-1412,2009.328542,USA
A/Hong_Kong/HKU48/2005|CY039185|04/01/2005|Hong_Kong||H3N2/1-1409,2005.249144,HongKong
A/New_York/179/1999|CY000731|11/24/1999|USA|99_00|H3N2/18-1426,1999.898015,USA
A/Mississippi/13/2012|KF790295|11/13/2012|USA|12_13|H3N2/1-1409,2012.870637,USA
A/South_Australia/66/2000|CY016741|2000|Australia||H3N2/5-1413,2000.002738,Australia
